Department,Department ID,Employee ID,Employee Name,Nationality,Location,Performance Band,Salary,Designation,Succession Planning,Gender,Training Programs Enrolled
Finance,5,3593,Employee_1,Indian,Dubai,4. Exceeds Expectations,26008,Analyst,Completed,Male,9
Sales,6,8240,Employee_2,Filipino,Ras Al Khaimah,1. Good,6633,Analyst,Not Started,Female,1
HR,2,7937,Employee_3,Jordanian,Umm Al Quwain,4. Exceeds Expectations,17485,Analyst,Not Started,Female,0
Finance,5,7190,Employee_4,Indian,Umm Al Quwain,5. Outstanding,48617,Executive,In Progress,Female,8
Operations,4,6240,Employee_5,Pakistani,Fujairah,1. Good,8648,Analyst,In Progress,Male,1
Research & Development,9,7493,Employee_6,Indian,Umm Al Quwain,4. Exceeds Expectations,18140,Manager,Completed,Female,7
Sales,6,3878,Employee_7,Indian,Abu Dhabi,3. Meets Expectations,22921,Manager,Not Started,Male,8
HR,2,5143,Employee_8,Jordanian,Fujairah,5. Outstanding,19357,Executive,Completed,Male,3
IT,1,4644,Employee_9,Pakistani,Fujairah,5. Outstanding,8137,Vice President,In Progress,Female,7
Finance,5,5432,Employee_10,Egyptian,Ajman,5. Outstanding,5097,Senior Analyst,Not Started,Female,8
Research & Development,9,2276,Employee_11,Egyptian,Umm Al Quwain,3. Meets Expectations,16407,Associate,Not Started,Male,9
Sales,6,6811,Employee_12,Indian,Ras Al Khaimah,3. Meets Expectations,35575,Associate,In Progress,Female,9
Customer Support,7,1302,Employee_13,Pakistani,Fujairah,2. Very Good,17722,Executive,Completed,Female,4
Finance,5,1638,Employee_14,Pakistani,Ras Al Khaimah,4. Exceeds Expectations,17924,Manager,Completed,Male,6
Sales,6,1055,Employee_15,Jordanian,Abu Dhabi,2. Very Good,8750,Associate,Not Started,Female,9
Finance,5,9717,Employee_16,Filipino,Ajman,4. Exceeds Expectations,32733,Manager,In Progress,Male,3
Research & Development,9,9150,Employee_17,Egyptian,Dubai,3. Meets Expectations,13535,Vice President,Not Started,Male,0
Sales,6,3125,Employee_18,Jordanian,Ras Al Khaimah,3. Meets Expectations,29487,Senior Analyst,In Progress,Female,2
Product Development,8,1364,Employee_19,Emirati,Fujairah,2. Very Good,35651,Vice President,Completed,Male,4
HR,2,7809,Employee_20,Egyptian,Abu Dhabi,1. Good,9666,Executive,In Progress,Male,2
Research & Development,9,5621,Employee_21,Jordanian,Sharjah,2. Very Good,21994,Analyst,Completed,Female,6
Finance,5,6126,Employee_22,Egyptian,Abu Dhabi,4. Exceeds Expectations,6727,Analyst,In Progress,Female,8
Customer Support,7,6122,Employee_23,Filipino,Abu Dhabi,2. Very Good,39622,Analyst,Not Started,Female,5
IT,1,2646,Employee_24,Emirati,Ajman,5. Outstanding,15800,Vice President,Completed,Male,9
Finance,5,1918,Employee_25,Filipino,Dubai,4. Exceeds Expectations,42823,Associate,Not Started,Male,0
HR,2,3797,Employee_26,Emirati,Sharjah,4. Exceeds Expectations,48039,Senior Analyst,Not Started,Female,6
Sales,6,7506,Employee_27,Indian,Umm Al Quwain,1. Good,23708,Analyst,Completed,Male,2
IT,1,6870,Employee_28,Jordanian,Umm Al Quwain,3. Meets Expectations,17819,Executive,Completed,Female,4
Marketing,3,2531,Employee_29,Emirati,Ras Al Khaimah,4. Exceeds Expectations,14369,Executive,Not Started,Female,9
Finance,5,9172,Employee_30,Filipino,Abu Dhabi,3. Meets Expectations,14283,Analyst,Not Started,Male,3
Operations,4,4345,Employee_31,Egyptian,Ajman,2. Very Good,35573,Analyst,Not Started,Female,9
Marketing,3,8673,Employee_32,Emirati,Ajman,5. Outstanding,18171,Senior Analyst,Not Started,Male,4
Finance,5,7949,Employee_33,Jordanian,Umm Al Quwain,1. Good,35933,Analyst,Completed,Male,4
Product Development,8,7882,Employee_34,Emirati,Ras Al Khaimah,3. Meets Expectations,10774,Senior Analyst,Completed,Female,5
Operations,4,2906,Employee_35,Pakistani,Ras Al Khaimah,4. Exceeds Expectations,11519,Executive,Not Started,Male,9
IT,1,4086,Employee_36,Egyptian,Ras Al Khaimah,3. Meets Expectations,15983,Analyst,In Progress,Female,9
Customer Support,7,9152,Employee_37,Jordanian,Sharjah,4. Exceeds Expectations,35932,Vice President,In Progress,Male,5
Product Development,8,6750,Employee_38,Jordanian,Dubai,3. Meets Expectations,35798,Vice President,Completed,Male,7
Marketing,3,9905,Employee_39,Indian,Sharjah,4. Exceeds Expectations,23133,Executive,Not Started,Male,7
Sales,6,2062,Employee_40,Filipino,Fujairah,2. Very Good,19939,Senior Analyst,Not Started,Female,8
HR,2,2976,Employee_41,Indian,Fujairah,4. Exceeds Expectations,5781,Vice President,Completed,Male,7
Customer Support,7,2296,Employee_42,Jordanian,Dubai,4. Exceeds Expectations,32624,Senior Analyst,In Progress,Female,1
Product Development,8,7229,Employee_43,Egyptian,Umm Al Quwain,5. Outstanding,11823,Vice President,In Progress,Male,9
Sales,6,8641,Employee_44,Emirati,Dubai,4. Exceeds Expectations,23489,Vice President,In Progress,Male,0
Sales,6,1125,Employee_45,Emirati,Ajman,5. Outstanding,44961,Senior Analyst,Completed,Female,9
Finance,5,5632,Employee_46,Egyptian,Fujairah,1. Good,34118,Associate,In Progress,Female,1
Product Development,8,7288,Employee_47,Jordanian,Abu Dhabi,5. Outstanding,39881,Vice President,Completed,Female,1
IT,1,4596,Employee_48,Emirati,Abu Dhabi,2. Very Good,21280,Analyst,Completed,Female,2
Operations,4,7168,Employee_49,Emirati,Umm Al Quwain,5. Outstanding,27263,Executive,Not Started,Female,9
Operations,4,8561,Employee_50,Emirati,Ajman,1. Good,18565,Associate,In Progress,Male,6
Marketing,3,9258,Employee_51,Filipino,Sharjah,2. Very Good,25354,Senior Analyst,Completed,Male,1
Marketing,3,1232,Employee_52,Filipino,Ajman,3. Meets Expectations,47951,Associate,In Progress,Female,0
Operations,4,7371,Employee_53,Pakistani,Abu Dhabi,3. Meets Expectations,30643,Manager,In Progress,Male,5
IT,1,5206,Employee_54,Indian,Abu Dhabi,5. Outstanding,28648,Manager,Not Started,Male,8
HR,2,8943,Employee_55,Egyptian,Fujairah,5. Outstanding,46971,Vice President,In Progress,Male,2
Research & Development,9,7891,Employee_56,Egyptian,Ajman,1. Good,23658,Vice President,Not Started,Female,5
HR,2,7738,Employee_57,Egyptian,Ajman,1. Good,26253,Analyst,Completed,Male,2
Finance,5,3472,Employee_58,Pakistani,Abu Dhabi,4. Exceeds Expectations,31390,Executive,In Progress,Male,0
Research & Development,9,3739,Employee_59,Filipino,Sharjah,1. Good,28128,Associate,Completed,Male,4
Research & Development,9,6401,Employee_60,Jordanian,Umm Al Quwain,4. Exceeds Expectations,18489,Manager,In Progress,Female,9
Product Development,8,2761,Employee_61,Jordanian,Ras Al Khaimah,2. Very Good,43314,Vice President,Completed,Male,3
IT,1,1876,Employee_62,Pakistani,Umm Al Quwain,5. Outstanding,37658,Executive,In Progress,Male,6
IT,1,4812,Employee_63,Jordanian,Ajman,2. Very Good,11852,Associate,In Progress,Female,5
Research & Development,9,2460,Employee_64,Egyptian,Umm Al Quwain,1. Good,34450,Vice President,In Progress,Female,9
Product Development,8,2733,Employee_65,Indian,Abu Dhabi,2. Very Good,7551,Vice President,In Progress,Male,6
Research & Development,9,2605,Employee_66,Emirati,Abu Dhabi,2. Very Good,11411,Manager,In Progress,Male,4
Customer Support,7,6622,Employee_67,Filipino,Ajman,2. Very Good,38243,Manager,In Progress,Female,3
Marketing,3,7767,Employee_68,Filipino,Ajman,1. Good,26800,Vice President,In Progress,Female,6
Marketing,3,7986,Employee_69,Pakistani,Ras Al Khaimah,2. Very Good,15403,Senior Analyst,In Progress,Female,6
HR,2,4517,Employee_70,Filipino,Ras Al Khaimah,4. Exceeds Expectations,12239,Vice President,In Progress,Female,5
Finance,5,4735,Employee_71,Egyptian,Fujairah,1. Good,11710,Executive,Completed,Female,7
Marketing,3,9434,Employee_72,Jordanian,Ajman,2. Very Good,26384,Vice President,Not Started,Female,3
Sales,6,3590,Employee_73,Egyptian,Sharjah,1. Good,26038,Analyst,In Progress,Female,9
HR,2,2063,Employee_74,Pakistani,Umm Al Quwain,3. Meets Expectations,45846,Analyst,Not Started,Male,4
Marketing,3,5324,Employee_75,Egyptian,Ajman,4. Exceeds Expectations,27447,Analyst,In Progress,Female,3
Finance,5,6342,Employee_76,Jordanian,Dubai,2. Very Good,7285,Senior Analyst,In Progress,Female,0
IT,1,1005,Employee_77,Indian,Fujairah,3. Meets Expectations,42991,Senior Analyst,Completed,Male,7
IT,1,8489,Employee_78,Pakistani,Dubai,3. Meets Expectations,18521,Vice President,Completed,Female,0
Research & Development,9,9659,Employee_79,Indian,Abu Dhabi,1. Good,11971,Analyst,Not Started,Female,4
Customer Support,7,9195,Employee_80,Emirati,Ras Al Khaimah,3. Meets Expectations,34139,Senior Analyst,Completed,Male,5
IT,1,6966,Employee_81,Indian,Umm Al Quwain,4. Exceeds Expectations,24909,Manager,Completed,Female,5
Product Development,8,9837,Employee_82,Emirati,Ajman,4. Exceeds Expectations,16531,Vice President,Not Started,Male,4
Marketing,3,1117,Employee_83,Emirati,Dubai,5. Outstanding,19721,Executive,Completed,Male,2
Product Development,8,3551,Employee_84,Indian,Umm Al Quwain,4. Exceeds Expectations,24206,Associate,In Progress,Male,4
Finance,5,6560,Employee_85,Pakistani,Abu Dhabi,3. Meets Expectations,42711,Vice President,Not Started,Male,7
IT,1,5289,Employee_86,Jordanian,Ras Al Khaimah,4. Exceeds Expectations,11530,Associate,Not Started,Female,1
Customer Support,7,1846,Employee_87,Egyptian,Sharjah,1. Good,16116,Analyst,In Progress,Male,5
Finance,5,7316,Employee_88,Egyptian,Fujairah,5. Outstanding,5258,Associate,Completed,Male,8
Sales,6,7469,Employee_89,Jordanian,Umm Al Quwain,3. Meets Expectations,5282,Analyst,Not Started,Female,7
Sales,6,9915,Employee_90,Emirati,Umm Al Quwain,5. Outstanding,18937,Manager,Not Started,Male,7
Product Development,8,1224,Employee_91,Emirati,Sharjah,3. Meets Expectations,6898,Associate,In Progress,Male,7
Research & Development,9,5208,Employee_92,Pakistani,Umm Al Quwain,1. Good,9135,Vice President,In Progress,Male,6
HR,2,7283,Employee_93,Filipino,Abu Dhabi,5. Outstanding,11629,Analyst,Completed,Male,7
Research & Development,9,3048,Employee_94,Indian,Abu Dhabi,2. Very Good,48936,Vice President,Not Started,Female,5
Research & Development,9,7233,Employee_95,Emirati,Sharjah,3. Meets Expectations,24584,Senior Analyst,Completed,Male,1
Customer Support,7,2828,Employee_96,Egyptian,Fujairah,2. Very Good,28551,Analyst,Completed,Female,1
IT,1,2917,Employee_97,Pakistani,Ajman,5. Outstanding,38380,Associate,In Progress,Female,7
Customer Support,7,5234,Employee_98,Indian,Dubai,2. Very Good,22071,Analyst,Not Started,Male,0
Finance,5,7988,Employee_99,Pakistani,Ajman,2. Very Good,25074,Vice President,Not Started,Male,5
Sales,6,3026,Employee_100,Indian,Umm Al Quwain,5. Outstanding,30188,Manager,Not Started,Male,5
Customer Support,7,4744,Employee_101,Indian,Dubai,1. Good,7307,Analyst,In Progress,Male,3
Finance,5,1009,Employee_102,Jordanian,Sharjah,2. Very Good,44901,Associate,In Progress,Female,9
Customer Support,7,1260,Employee_103,Emirati,Sharjah,2. Very Good,16205,Senior Analyst,In Progress,Female,2
Research & Development,9,7038,Employee_104,Pakistani,Fujairah,1. Good,10906,Executive,In Progress,Female,2
Marketing,3,3219,Employee_105,Pakistani,Dubai,2. Very Good,7591,Manager,In Progress,Male,0
Product Development,8,8041,Employee_106,Jordanian,Abu Dhabi,2. Very Good,20149,Senior Analyst,Not Started,Female,2
HR,2,3060,Employee_107,Egyptian,Dubai,2. Very Good,49918,Analyst,Completed,Male,3
Customer Support,7,6287,Employee_108,Egyptian,Umm Al Quwain,4. Exceeds Expectations,44951,Vice President,Not Started,Male,4
HR,2,2619,Employee_109,Emirati,Abu Dhabi,1. Good,30150,Vice President,Completed,Male,2
Operations,4,9512,Employee_110,Emirati,Ras Al Khaimah,2. Very Good,36852,Associate,In Progress,Male,5
Customer Support,7,2342,Employee_111,Filipino,Ras Al Khaimah,1. Good,47870,Vice President,Completed,Male,4
Marketing,3,3832,Employee_112,Jordanian,Ras Al Khaimah,3. Meets Expectations,6283,Manager,Not Started,Female,2
HR,2,3824,Employee_113,Egyptian,Sharjah,3. Meets Expectations,38691,Vice President,Not Started,Female,5
Customer Support,7,2994,Employee_114,Indian,Dubai,2. Very Good,6125,Associate,Completed,Male,5
IT,1,4490,Employee_115,Pakistani,Ras Al Khaimah,1. Good,6529,Executive,In Progress,Female,7
Product Development,8,8984,Employee_116,Emirati,Ajman,1. Good,31170,Analyst,In Progress,Male,1
Marketing,3,2604,Employee_117,Pakistani,Fujairah,1. Good,13438,Analyst,Not Started,Male,0
HR,2,1235,Employee_118,Pakistani,Ajman,4. Exceeds Expectations,25095,Vice President,Completed,Male,3
Marketing,3,2908,Employee_119,Filipino,Ras Al Khaimah,3. Meets Expectations,21154,Senior Analyst,In Progress,Female,6
Finance,5,9567,Employee_120,Egyptian,Fujairah,1. Good,13004,Analyst,In Progress,Male,9
Product Development,8,4530,Employee_121,Emirati,Umm Al Quwain,1. Good,14752,Executive,Not Started,Male,2
Customer Support,7,6256,Employee_122,Pakistani,Ajman,4. Exceeds Expectations,48360,Vice President,In Progress,Female,2
Customer Support,7,3635,Employee_123,Emirati,Dubai,4. Exceeds Expectations,31819,Associate,Completed,Female,4
Customer Support,7,9162,Employee_124,Indian,Dubai,1. Good,41632,Executive,Not Started,Female,4
Product Development,8,3560,Employee_125,Filipino,Ajman,5. Outstanding,31515,Vice President,Not Started,Male,9
IT,1,6415,Employee_126,Indian,Ras Al Khaimah,1. Good,29217,Executive,Completed,Male,2
Operations,4,4391,Employee_127,Emirati,Dubai,1. Good,28172,Analyst,Not Started,Female,8
Sales,6,6951,Employee_128,Emirati,Umm Al Quwain,4. Exceeds Expectations,37994,Associate,In Progress,Male,3
Research & Development,9,6468,Employee_129,Egyptian,Abu Dhabi,4. Exceeds Expectations,20036,Vice President,In Progress,Female,2
HR,2,9007,Employee_130,Pakistani,Ras Al Khaimah,1. Good,16739,Manager,Completed,Female,1
IT,1,7413,Employee_131,Pakistani,Umm Al Quwain,1. Good,37220,Associate,In Progress,Male,9
HR,2,7941,Employee_132,Indian,Fujairah,1. Good,14587,Manager,Completed,Male,8
Customer Support,7,5820,Employee_133,Filipino,Umm Al Quwain,4. Exceeds Expectations,49517,Executive,Completed,Female,3
Marketing,3,3898,Employee_134,Jordanian,Ras Al Khaimah,1. Good,35129,Senior Analyst,In Progress,Female,2
HR,2,8546,Employee_135,Pakistani,Fujairah,1. Good,5645,Associate,Completed,Female,6
Customer Support,7,1077,Employee_136,Egyptian,Ras Al Khaimah,2. Very Good,35930,Executive,In Progress,Female,7
HR,2,8577,Employee_137,Indian,Dubai,5. Outstanding,21299,Manager,Not Started,Male,1
Marketing,3,5227,Employee_138,Indian,Abu Dhabi,3. Meets Expectations,35090,Analyst,Not Started,Female,6
Customer Support,7,1600,Employee_139,Jordanian,Ras Al Khaimah,5. Outstanding,26953,Analyst,Completed,Female,4
Operations,4,2065,Employee_140,Egyptian,Ras Al Khaimah,2. Very Good,31475,Senior Analyst,In Progress,Female,4
IT,1,3136,Employee_141,Filipino,Dubai,3. Meets Expectations,23888,Associate,In Progress,Male,2
Finance,5,7943,Employee_142,Egyptian,Sharjah,1. Good,48732,Associate,Not Started,Male,4
Research & Development,9,8804,Employee_143,Filipino,Dubai,2. Very Good,21087,Associate,Not Started,Female,1
Product Development,8,7565,Employee_144,Egyptian,Fujairah,1. Good,14346,Executive,In Progress,Male,3
Research & Development,9,6984,Employee_145,Egyptian,Dubai,4. Exceeds Expectations,5587,Senior Analyst,Completed,Male,5
Research & Development,9,6142,Employee_146,Emirati,Dubai,2. Very Good,17763,Associate,Not Started,Male,0
Customer Support,7,5670,Employee_147,Indian,Abu Dhabi,4. Exceeds Expectations,46945,Executive,Completed,Female,9
Operations,4,3190,Employee_148,Egyptian,Dubai,2. Very Good,9079,Analyst,Completed,Female,3
Finance,5,3712,Employee_149,Jordanian,Ras Al Khaimah,2. Very Good,41116,Manager,Not Started,Male,5
IT,1,3192,Employee_150,Egyptian,Abu Dhabi,4. Exceeds Expectations,25215,Executive,Completed,Female,8
IT,1,2248,Employee_151,Pakistani,Ajman,3. Meets Expectations,30817,Analyst,Completed,Female,1
Marketing,3,5033,Employee_152,Indian,Sharjah,5. Outstanding,29765,Analyst,In Progress,Male,6
Product Development,8,2997,Employee_153,Pakistani,Abu Dhabi,1. Good,35112,Manager,Completed,Male,5
HR,2,4687,Employee_154,Indian,Fujairah,2. Very Good,30556,Analyst,In Progress,Female,1
Operations,4,5018,Employee_155,Pakistani,Ajman,1. Good,23099,Senior Analyst,Not Started,Male,7
HR,2,2970,Employee_156,Egyptian,Abu Dhabi,4. Exceeds Expectations,48553,Manager,Not Started,Female,6
Finance,5,9389,Employee_157,Egyptian,Abu Dhabi,1. Good,11450,Analyst,In Progress,Female,4
Research & Development,9,6765,Employee_158,Emirati,Sharjah,4. Exceeds Expectations,18230,Vice President,Not Started,Male,4
IT,1,2202,Employee_159,Jordanian,Ras Al Khaimah,1. Good,34009,Executive,Completed,Female,6
Finance,5,9135,Employee_160,Pakistani,Fujairah,5. Outstanding,10433,Analyst,Completed,Female,8
Research & Development,9,6567,Employee_161,Filipino,Umm Al Quwain,5. Outstanding,38866,Senior Analyst,Completed,Male,8
IT,1,8667,Employee_162,Emirati,Umm Al Quwain,5. Outstanding,44864,Associate,Not Started,Male,8
Research & Development,9,6742,Employee_163,Pakistani,Abu Dhabi,5. Outstanding,23710,Analyst,Completed,Male,5
Product Development,8,6788,Employee_164,Pakistani,Dubai,5. Outstanding,16439,Associate,Not Started,Female,9
Operations,4,6408,Employee_165,Emirati,Fujairah,5. Outstanding,46855,Vice President,Completed,Male,5
Finance,5,9669,Employee_166,Egyptian,Ajman,4. Exceeds Expectations,21021,Analyst,In Progress,Male,2
Finance,5,1922,Employee_167,Pakistani,Dubai,2. Very Good,11416,Manager,Not Started,Male,0
Sales,6,1419,Employee_168,Egyptian,Dubai,1. Good,11980,Associate,Not Started,Male,6
Customer Support,7,3204,Employee_169,Emirati,Fujairah,5. Outstanding,23058,Vice President,Completed,Female,3
Product Development,8,2120,Employee_170,Egyptian,Ras Al Khaimah,4. Exceeds Expectations,16101,Manager,Not Started,Female,0
Product Development,8,1950,Employee_171,Indian,Abu Dhabi,4. Exceeds Expectations,45718,Manager,Not Started,Male,7
HR,2,3336,Employee_172,Filipino,Abu Dhabi,4. Exceeds Expectations,37602,Manager,In Progress,Female,5
Research & Development,9,6373,Employee_173,Pakistani,Abu Dhabi,2. Very Good,14122,Manager,In Progress,Male,5
Customer Support,7,3243,Employee_174,Jordanian,Abu Dhabi,1. Good,17576,Analyst,Completed,Male,1
Operations,4,3645,Employee_175,Filipino,Umm Al Quwain,2. Very Good,32516,Executive,In Progress,Female,0
Operations,4,5612,Employee_176,Egyptian,Abu Dhabi,3. Meets Expectations,27433,Analyst,Completed,Female,1
Product Development,8,2865,Employee_177,Pakistani,Umm Al Quwain,4. Exceeds Expectations,6089,Analyst,Completed,Male,3
Operations,4,7028,Employee_178,Egyptian,Umm Al Quwain,3. Meets Expectations,42346,Vice President,Completed,Male,1
Sales,6,8326,Employee_179,Indian,Ras Al Khaimah,5. Outstanding,14127,Vice President,Not Started,Female,0
Finance,5,7371,Employee_180,Emirati,Abu Dhabi,5. Outstanding,15487,Executive,In Progress,Male,6
Marketing,3,7359,Employee_181,Pakistani,Sharjah,2. Very Good,5155,Vice President,Completed,Female,7
HR,2,8863,Employee_182,Indian,Ajman,1. Good,6958,Senior Analyst,In Progress,Male,5
Research & Development,9,4228,Employee_183,Indian,Dubai,3. Meets Expectations,15693,Executive,Completed,Male,3
Research & Development,9,4719,Employee_184,Pakistani,Umm Al Quwain,1. Good,44112,Vice President,In Progress,Female,5
IT,1,3371,Employee_185,Egyptian,Fujairah,2. Very Good,43547,Executive,In Progress,Female,2
Marketing,3,3891,Employee_186,Jordanian,Fujairah,5. Outstanding,33795,Analyst,Completed,Female,7
Product Development,8,4756,Employee_187,Indian,Ajman,1. Good,26447,Analyst,Not Started,Female,9
Sales,6,5225,Employee_188,Filipino,Fujairah,1. Good,41598,Executive,In Progress,Female,1
Finance,5,1094,Employee_189,Indian,Sharjah,5. Outstanding,46814,Senior Analyst,Not Started,Female,4
Finance,5,3674,Employee_190,Jordanian,Fujairah,3. Meets Expectations,30215,Senior Analyst,Not Started,Female,0
Sales,6,7898,Employee_191,Egyptian,Dubai,5. Outstanding,14794,Executive,Completed,Male,5
Customer Support,7,1793,Employee_192,Egyptian,Dubai,1. Good,38209,Vice President,Completed,Male,1
IT,1,3116,Employee_193,Filipino,Umm Al Quwain,3. Meets Expectations,27424,Associate,Completed,Male,3
Research & Development,9,6779,Employee_194,Indian,Abu Dhabi,3. Meets Expectations,42396,Senior Analyst,In Progress,Female,5
Marketing,3,7166,Employee_195,Egyptian,Ras Al Khaimah,5. Outstanding,11370,Manager,Completed,Female,9
Operations,4,1814,Employee_196,Jordanian,Sharjah,1. Good,14528,Analyst,Completed,Female,7
IT,1,1345,Employee_197,Pakistani,Umm Al Quwain,2. Very Good,33276,Executive,In Progress,Male,7
Marketing,3,9554,Employee_198,Emirati,Sharjah,1. Good,49333,Manager,In Progress,Female,5
HR,2,3443,Employee_199,Emirati,Abu Dhabi,4. Exceeds Expectations,13179,Executive,Completed,Female,3
HR,2,8783,Employee_200,Emirati,Fujairah,2. Very Good,21843,Analyst,Completed,Male,7
IT,1,1984,Employee_201,Indian,Fujairah,3. Meets Expectations,28952,Analyst,Completed,Female,7
Product Development,8,8790,Employee_202,Filipino,Ras Al Khaimah,2. Very Good,38160,Senior Analyst,Completed,Male,9
Marketing,3,1827,Employee_203,Egyptian,Abu Dhabi,3. Meets Expectations,49898,Senior Analyst,Not Started,Male,0
Marketing,3,4531,Employee_204,Pakistani,Umm Al Quwain,3. Meets Expectations,34516,Manager,Not Started,Female,3
Sales,6,8147,Employee_205,Jordanian,Ras Al Khaimah,2. Very Good,15449,Executive,Completed,Female,3
Product Development,8,5451,Employee_206,Pakistani,Abu Dhabi,3. Meets Expectations,26125,Analyst,Not Started,Female,6
Research & Development,9,4876,Employee_207,Jordanian,Ajman,3. Meets Expectations,12418,Manager,In Progress,Male,6
Research & Development,9,6959,Employee_208,Indian,Dubai,4. Exceeds Expectations,27746,Associate,Not Started,Male,7
Operations,4,1126,Employee_209,Emirati,Ras Al Khaimah,1. Good,7454,Manager,Not Started,Male,4
Finance,5,4177,Employee_210,Indian,Ras Al Khaimah,1. Good,22761,Vice President,Completed,Female,6
HR,2,9795,Employee_211,Filipino,Umm Al Quwain,4. Exceeds Expectations,20223,Manager,Not Started,Female,7
Research & Development,9,7024,Employee_212,Filipino,Sharjah,2. Very Good,11701,Vice President,Not Started,Female,8
Product Development,8,6109,Employee_213,Jordanian,Ajman,5. Outstanding,7597,Vice President,Not Started,Female,2
Marketing,3,5146,Employee_214,Egyptian,Umm Al Quwain,5. Outstanding,5141,Vice President,Not Started,Male,2
Research & Development,9,8196,Employee_215,Egyptian,Abu Dhabi,5. Outstanding,7659,Associate,In Progress,Male,3
Marketing,3,4368,Employee_216,Jordanian,Abu Dhabi,4. Exceeds Expectations,25980,Manager,Completed,Male,4
Research & Development,9,4797,Employee_217,Filipino,Abu Dhabi,4. Exceeds Expectations,14031,Manager,Completed,Male,9
HR,2,2792,Employee_218,Filipino,Abu Dhabi,3. Meets Expectations,20037,Associate,In Progress,Female,0
Research & Development,9,6732,Employee_219,Filipino,Sharjah,5. Outstanding,43429,Analyst,Not Started,Female,6
Product Development,8,4476,Employee_220,Indian,Ajman,2. Very Good,11142,Senior Analyst,In Progress,Female,8
Research & Development,9,4417,Employee_221,Filipino,Fujairah,2. Very Good,17109,Manager,Not Started,Male,7
Finance,5,2645,Employee_222,Pakistani,Dubai,5. Outstanding,27010,Senior Analyst,In Progress,Male,4
HR,2,4030,Employee_223,Emirati,Sharjah,5. Outstanding,13787,Executive,Completed,Female,3
Product Development,8,3872,Employee_224,Filipino,Sharjah,5. Outstanding,47864,Executive,Completed,Female,6
Sales,6,4072,Employee_225,Jordanian,Fujairah,4. Exceeds Expectations,13472,Associate,Completed,Male,4
Product Development,8,2854,Employee_226,Emirati,Fujairah,4. Exceeds Expectations,28383,Executive,Not Started,Female,6
Finance,5,5021,Employee_227,Indian,Dubai,4. Exceeds Expectations,9249,Executive,Not Started,Male,0
HR,2,5662,Employee_228,Jordanian,Dubai,1. Good,39518,Analyst,In Progress,Male,0
Sales,6,7514,Employee_229,Emirati,Fujairah,2. Very Good,23351,Analyst,In Progress,Male,9
Finance,5,6031,Employee_230,Jordanian,Abu Dhabi,2. Very Good,9088,Analyst,Completed,Female,2
Finance,5,3708,Employee_231,Indian,Sharjah,3. Meets Expectations,20282,Executive,Not Started,Female,1
IT,1,8112,Employee_232,Pakistani,Umm Al Quwain,4. Exceeds Expectations,24330,Associate,In Progress,Male,1
HR,2,9393,Employee_233,Indian,Dubai,1. Good,47409,Vice President,Not Started,Female,6
Product Development,8,4507,Employee_234,Indian,Dubai,1. Good,26778,Vice President,Not Started,Male,9
Marketing,3,7456,Employee_235,Jordanian,Fujairah,2. Very Good,29264,Senior Analyst,Completed,Male,1
Marketing,3,5212,Employee_236,Egyptian,Ajman,4. Exceeds Expectations,10075,Vice President,Completed,Male,3
Product Development,8,8970,Employee_237,Filipino,Umm Al Quwain,3. Meets Expectations,15412,Vice President,Not Started,Male,1
Product Development,8,9766,Employee_238,Filipino,Umm Al Quwain,4. Exceeds Expectations,33365,Analyst,Not Started,Female,5
HR,2,1536,Employee_239,Pakistani,Dubai,5. Outstanding,12230,Analyst,Not Started,Male,7
Product Development,8,2625,Employee_240,Pakistani,Abu Dhabi,4. Exceeds Expectations,16002,Executive,Not Started,Male,9
IT,1,8973,Employee_241,Filipino,Ajman,5. Outstanding,18947,Senior Analyst,Completed,Female,3
Sales,6,9577,Employee_242,Egyptian,Umm Al Quwain,5. Outstanding,18686,Manager,In Progress,Male,4
Product Development,8,9070,Employee_243,Filipino,Dubai,3. Meets Expectations,34304,Senior Analyst,Completed,Male,3
Marketing,3,9666,Employee_244,Egyptian,Umm Al Quwain,2. Very Good,18074,Senior Analyst,In Progress,Female,2
Product Development,8,9609,Employee_245,Pakistani,Ras Al Khaimah,4. Exceeds Expectations,9493,Associate,Not Started,Female,4
IT,1,7490,Employee_246,Emirati,Ajman,5. Outstanding,39228,Executive,In Progress,Female,8
Research & Development,9,4600,Employee_247,Jordanian,Ajman,4. Exceeds Expectations,19140,Associate,Completed,Male,7
Research & Development,9,7783,Employee_248,Pakistani,Ras Al Khaimah,2. Very Good,36655,Senior Analyst,Completed,Female,7
Finance,5,5971,Employee_249,Pakistani,Sharjah,2. Very Good,48472,Senior Analyst,Not Started,Female,7
Operations,4,2205,Employee_250,Indian,Ras Al Khaimah,1. Good,11816,Senior Analyst,Completed,Male,7
Sales,6,2990,Employee_251,Indian,Fujairah,2. Very Good,16639,Vice President,Not Started,Male,6
Customer Support,7,6299,Employee_252,Indian,Fujairah,3. Meets Expectations,34492,Associate,Completed,Male,7
Finance,5,4572,Employee_253,Jordanian,Dubai,5. Outstanding,16240,Senior Analyst,Completed,Male,7
Research & Development,9,6975,Employee_254,Indian,Ajman,1. Good,37698,Analyst,Not Started,Male,7
Marketing,3,7320,Employee_255,Egyptian,Sharjah,3. Meets Expectations,31957,Executive,In Progress,Female,9
Customer Support,7,5380,Employee_256,Filipino,Sharjah,4. Exceeds Expectations,37808,Executive,Completed,Female,6
Finance,5,5757,Employee_257,Emirati,Umm Al Quwain,5. Outstanding,10827,Analyst,In Progress,Female,0
Customer Support,7,3713,Employee_258,Pakistani,Umm Al Quwain,2. Very Good,37762,Executive,Completed,Male,3
HR,2,6588,Employee_259,Egyptian,Ras Al Khaimah,5. Outstanding,13259,Vice President,Completed,Male,3
Operations,4,1966,Employee_260,Emirati,Sharjah,4. Exceeds Expectations,19849,Vice President,Completed,Male,4
HR,2,5944,Employee_261,Egyptian,Ras Al Khaimah,1. Good,21232,Manager,Completed,Female,9
Customer Support,7,4432,Employee_262,Egyptian,Ras Al Khaimah,1. Good,45572,Manager,In Progress,Female,5
HR,2,1688,Employee_263,Pakistani,Umm Al Quwain,1. Good,29173,Manager,In Progress,Male,3
IT,1,5243,Employee_264,Filipino,Ajman,2. Very Good,10374,Executive,Completed,Female,1
Research & Development,9,4701,Employee_265,Indian,Ras Al Khaimah,3. Meets Expectations,26174,Vice President,Completed,Male,5
IT,1,9533,Employee_266,Jordanian,Abu Dhabi,3. Meets Expectations,28567,Vice President,In Progress,Female,7
Product Development,8,6182,Employee_267,Filipino,Ajman,5. Outstanding,40292,Vice President,Not Started,Female,7
HR,2,7704,Employee_268,Jordanian,Sharjah,2. Very Good,14277,Analyst,Not Started,Female,6
Product Development,8,5422,Employee_269,Pakistani,Sharjah,1. Good,36600,Vice President,In Progress,Male,5
Marketing,3,2759,Employee_270,Pakistani,Ras Al Khaimah,1. Good,14885,Analyst,Completed,Female,1
Sales,6,3482,Employee_271,Pakistani,Ajman,4. Exceeds Expectations,5778,Manager,Completed,Female,6
Marketing,3,9058,Employee_272,Emirati,Umm Al Quwain,4. Exceeds Expectations,34165,Manager,Not Started,Male,4
Customer Support,7,1951,Employee_273,Jordanian,Umm Al Quwain,1. Good,6492,Executive,Not Started,Female,5
Research & Development,9,9914,Employee_274,Filipino,Fujairah,1. Good,35462,Manager,In Progress,Male,9
HR,2,3079,Employee_275,Filipino,Sharjah,2. Very Good,18615,Executive,Not Started,Male,7
Finance,5,3717,Employee_276,Egyptian,Dubai,3. Meets Expectations,49900,Senior Analyst,In Progress,Male,7
Sales,6,5524,Employee_277,Egyptian,Fujairah,4. Exceeds Expectations,47946,Senior Analyst,Not Started,Male,2
Operations,4,9477,Employee_278,Egyptian,Umm Al Quwain,3. Meets Expectations,12851,Associate,Not Started,Male,6
Operations,4,8311,Employee_279,Pakistani,Ajman,2. Very Good,21288,Executive,Not Started,Female,0
Operations,4,8186,Employee_280,Filipino,Umm Al Quwain,1. Good,12156,Associate,Completed,Male,0
HR,2,3065,Employee_281,Jordanian,Ajman,3. Meets Expectations,7044,Associate,Completed,Male,6
Operations,4,1768,Employee_282,Pakistani,Fujairah,1. Good,12368,Senior Analyst,Completed,Male,9
IT,1,6490,Employee_283,Emirati,Sharjah,1. Good,24900,Executive,Not Started,Male,8
Sales,6,7645,Employee_284,Egyptian,Umm Al Quwain,5. Outstanding,35600,Senior Analyst,In Progress,Female,6
IT,1,6083,Employee_285,Pakistani,Ras Al Khaimah,3. Meets Expectations,30634,Associate,In Progress,Male,9
Sales,6,6232,Employee_286,Pakistani,Ajman,3. Meets Expectations,14168,Executive,In Progress,Female,4
IT,1,6797,Employee_287,Emirati,Sharjah,1. Good,25961,Associate,In Progress,Male,7
Sales,6,5926,Employee_288,Indian,Dubai,2. Very Good,49096,Vice President,Completed,Female,1
Product Development,8,7016,Employee_289,Filipino,Ajman,5. Outstanding,28852,Executive,Completed,Male,8
HR,2,4335,Employee_290,Jordanian,Fujairah,1. Good,38110,Executive,Not Started,Male,5
HR,2,9038,Employee_291,Indian,Dubai,4. Exceeds Expectations,37174,Associate,Not Started,Female,8
Operations,4,5873,Employee_292,Egyptian,Dubai,4. Exceeds Expectations,39215,Vice President,In Progress,Male,1
Marketing,3,2481,Employee_293,Pakistani,Abu Dhabi,5. Outstanding,31955,Analyst,Completed,Female,2
Operations,4,7305,Employee_294,Emirati,Umm Al Quwain,2. Very Good,11581,Senior Analyst,In Progress,Male,7
Customer Support,7,4451,Employee_295,Emirati,Ajman,1. Good,49619,Associate,Not Started,Female,0
IT,1,1054,Employee_296,Filipino,Dubai,3. Meets Expectations,11317,Executive,Not Started,Male,9
Sales,6,8643,Employee_297,Indian,Abu Dhabi,5. Outstanding,47856,Senior Analyst,In Progress,Male,6
Marketing,3,4462,Employee_298,Filipino,Fujairah,2. Very Good,31649,Senior Analyst,Not Started,Female,6
Customer Support,7,1832,Employee_299,Pakistani,Sharjah,3. Meets Expectations,28132,Senior Analyst,In Progress,Male,0
HR,2,6954,Employee_300,Filipino,Ras Al Khaimah,4. Exceeds Expectations,21789,Analyst,Completed,Male,8
HR,2,9519,Employee_301,Jordanian,Ras Al Khaimah,4. Exceeds Expectations,19567,Manager,In Progress,Male,7
Operations,4,8221,Employee_302,Emirati,Ajman,3. Meets Expectations,19868,Associate,Completed,Male,3
IT,1,4310,Employee_303,Emirati,Dubai,5. Outstanding,29370,Manager,Completed,Male,9
Marketing,3,4300,Employee_304,Egyptian,Ras Al Khaimah,4. Exceeds Expectations,47533,Manager,Not Started,Male,4
Research & Development,9,7722,Employee_305,Egyptian,Umm Al Quwain,1. Good,35483,Manager,Not Started,Female,1
Customer Support,7,8218,Employee_306,Pakistani,Ras Al Khaimah,3. Meets Expectations,17466,Senior Analyst,Not Started,Female,8
Customer Support,7,8776,Employee_307,Jordanian,Ras Al Khaimah,3. Meets Expectations,33803,Vice President,In Progress,Female,5
Operations,4,4675,Employee_308,Indian,Ras Al Khaimah,4. Exceeds Expectations,23230,Senior Analyst,In Progress,Male,2
HR,2,4054,Employee_309,Filipino,Abu Dhabi,5. Outstanding,22862,Senior Analyst,Not Started,Female,6
Operations,4,8970,Employee_310,Pakistani,Dubai,1. Good,48355,Executive,In Progress,Male,8
Sales,6,3143,Employee_311,Egyptian,Umm Al Quwain,5. Outstanding,36259,Executive,Not Started,Male,2
Marketing,3,6207,Employee_312,Filipino,Dubai,2. Very Good,38539,Manager,In Progress,Male,1
IT,1,3538,Employee_313,Egyptian,Ajman,2. Very Good,26909,Senior Analyst,Completed,Male,6
Product Development,8,5547,Employee_314,Filipino,Ajman,4. Exceeds Expectations,35795,Manager,Completed,Female,6
Finance,5,6619,Employee_315,Indian,Ajman,4. Exceeds Expectations,13770,Executive,Not Started,Male,3
Finance,5,9356,Employee_316,Pakistani,Fujairah,4. Exceeds Expectations,16093,Vice President,In Progress,Female,8
Operations,4,7612,Employee_317,Filipino,Ras Al Khaimah,2. Very Good,5193,Associate,In Progress,Male,7
Sales,6,6005,Employee_318,Jordanian,Fujairah,5. Outstanding,39775,Manager,Completed,Female,0
Marketing,3,1822,Employee_319,Emirati,Abu Dhabi,5. Outstanding,22569,Vice President,Completed,Female,0
Research & Development,9,1943,Employee_320,Jordanian,Ajman,4. Exceeds Expectations,16190,Associate,Not Started,Female,4
Finance,5,7150,Employee_321,Jordanian,Umm Al Quwain,1. Good,47752,Analyst,Completed,Female,5
Marketing,3,5425,Employee_322,Emirati,Dubai,5. Outstanding,37327,Manager,Not Started,Female,2
IT,1,9966,Employee_323,Jordanian,Ras Al Khaimah,2. Very Good,47070,Manager,Completed,Female,8
Sales,6,3198,Employee_324,Filipino,Sharjah,3. Meets Expectations,25389,Analyst,Completed,Male,9
HR,2,5242,Employee_325,Filipino,Umm Al Quwain,3. Meets Expectations,45197,Analyst,In Progress,Female,5
Marketing,3,4695,Employee_326,Filipino,Ras Al Khaimah,3. Meets Expectations,7261,Manager,Completed,Male,3
IT,1,4452,Employee_327,Emirati,Fujairah,1. Good,33369,Analyst,Completed,Female,6
Research & Development,9,2308,Employee_328,Jordanian,Fujairah,4. Exceeds Expectations,31512,Senior Analyst,Not Started,Male,7
Product Development,8,5177,Employee_329,Emirati,Umm Al Quwain,2. Very Good,11716,Associate,Completed,Female,8
HR,2,9705,Employee_330,Filipino,Fujairah,1. Good,26259,Associate,Not Started,Female,5
Product Development,8,7852,Employee_331,Jordanian,Ajman,2. Very Good,33933,Associate,Completed,Male,5
Research & Development,9,7035,Employee_332,Jordanian,Abu Dhabi,2. Very Good,46689,Senior Analyst,Completed,Female,7
IT,1,4594,Employee_333,Egyptian,Dubai,4. Exceeds Expectations,9378,Analyst,Not Started,Female,4
Finance,5,5841,Employee_334,Egyptian,Abu Dhabi,3. Meets Expectations,45583,Vice President,In Progress,Female,2
Product Development,8,2409,Employee_335,Indian,Ras Al Khaimah,4. Exceeds Expectations,24835,Analyst,Not Started,Male,2
HR,2,5566,Employee_336,Pakistani,Dubai,1. Good,34033,Manager,Not Started,Female,5
Operations,4,5491,Employee_337,Egyptian,Dubai,1. Good,29000,Executive,Not Started,Male,1
Customer Support,7,2555,Employee_338,Emirati,Abu Dhabi,1. Good,15332,Associate,In Progress,Female,5
Marketing,3,1804,Employee_339,Egyptian,Umm Al Quwain,4. Exceeds Expectations,47604,Analyst,Completed,Female,5
Finance,5,2279,Employee_340,Indian,Dubai,2. Very Good,7800,Vice President,Not Started,Male,7
Product Development,8,8083,Employee_341,Jordanian,Abu Dhabi,2. Very Good,34538,Manager,Not Started,Female,6
Marketing,3,6986,Employee_342,Indian,Dubai,5. Outstanding,35119,Senior Analyst,In Progress,Female,7
Operations,4,6619,Employee_343,Jordanian,Sharjah,1. Good,13333,Senior Analyst,Not Started,Male,8
Research & Development,9,2387,Employee_344,Jordanian,Umm Al Quwain,2. Very Good,10410,Vice President,Completed,Female,5
Customer Support,7,3679,Employee_345,Pakistani,Ajman,5. Outstanding,22839,Manager,In Progress,Male,2
IT,1,3106,Employee_346,Egyptian,Dubai,2. Very Good,35519,Associate,Completed,Male,9
Operations,4,9173,Employee_347,Emirati,Sharjah,1. Good,10808,Analyst,Completed,Male,2
Operations,4,5223,Employee_348,Emirati,Ajman,3. Meets Expectations,11796,Manager,In Progress,Female,0
Research & Development,9,5831,Employee_349,Filipino,Ajman,1. Good,26180,Senior Analyst,Not Started,Male,4
Sales,6,3768,Employee_350,Jordanian,Ras Al Khaimah,4. Exceeds Expectations,48056,Vice President,Completed,Male,3
Research & Development,9,4186,Employee_351,Emirati,Dubai,2. Very Good,22709,Vice President,Completed,Female,8
Sales,6,3573,Employee_352,Pakistani,Abu Dhabi,2. Very Good,22543,Analyst,Completed,Male,8
Sales,6,3599,Employee_353,Jordanian,Dubai,4. Exceeds Expectations,42418,Vice President,Completed,Female,4
Finance,5,5033,Employee_354,Pakistani,Sharjah,4. Exceeds Expectations,34075,Vice President,In Progress,Female,9
Finance,5,9428,Employee_355,Emirati,Ajman,3. Meets Expectations,42755,Manager,In Progress,Female,3
HR,2,2304,Employee_356,Emirati,Dubai,2. Very Good,42465,Associate,Completed,Female,6
Product Development,8,8368,Employee_357,Filipino,Abu Dhabi,2. Very Good,35502,Analyst,Not Started,Male,5
Product Development,8,6877,Employee_358,Emirati,Ras Al Khaimah,3. Meets Expectations,21724,Manager,Completed,Male,3
IT,1,2301,Employee_359,Jordanian,Dubai,5. Outstanding,8828,Associate,Not Started,Male,9
Product Development,8,3541,Employee_360,Jordanian,Umm Al Quwain,3. Meets Expectations,22087,Manager,Completed,Male,1
Finance,5,3051,Employee_361,Jordanian,Ras Al Khaimah,1. Good,17605,Executive,Not Started,Male,0
HR,2,7809,Employee_362,Filipino,Abu Dhabi,2. Very Good,36337,Manager,Completed,Female,3
HR,2,9633,Employee_363,Filipino,Sharjah,4. Exceeds Expectations,10482,Vice President,Not Started,Male,3
Sales,6,9996,Employee_364,Emirati,Ajman,1. Good,32005,Associate,Completed,Male,0
Research & Development,9,1074,Employee_365,Indian,Dubai,2. Very Good,27760,Analyst,Completed,Male,5
IT,1,7981,Employee_366,Indian,Abu Dhabi,3. Meets Expectations,10463,Analyst,Not Started,Female,3
Sales,6,6475,Employee_367,Filipino,Ras Al Khaimah,1. Good,9912,Associate,In Progress,Female,0
Research & Development,9,9232,Employee_368,Emirati,Umm Al Quwain,2. Very Good,9648,Vice President,Not Started,Male,0
Product Development,8,8184,Employee_369,Indian,Abu Dhabi,5. Outstanding,38623,Senior Analyst,In Progress,Female,0
Sales,6,6796,Employee_370,Emirati,Fujairah,5. Outstanding,40634,Manager,Completed,Male,7
Marketing,3,8141,Employee_371,Emirati,Umm Al Quwain,4. Exceeds Expectations,49602,Vice President,Not Started,Male,9
Product Development,8,2622,Employee_372,Emirati,Ras Al Khaimah,2. Very Good,8112,Executive,Not Started,Female,7
Research & Development,9,9041,Employee_373,Egyptian,Sharjah,5. Outstanding,27054,Associate,Not Started,Female,1
IT,1,1341,Employee_374,Jordanian,Ajman,3. Meets Expectations,9492,Manager,In Progress,Male,6
Research & Development,9,3074,Employee_375,Emirati,Ras Al Khaimah,2. Very Good,27207,Analyst,In Progress,Male,7
Sales,6,8992,Employee_376,Egyptian,Sharjah,3. Meets Expectations,20114,Senior Analyst,Completed,Female,7
Sales,6,1645,Employee_377,Filipino,Dubai,3. Meets Expectations,39285,Executive,In Progress,Male,9
Operations,4,5263,Employee_378,Indian,Abu Dhabi,5. Outstanding,21018,Analyst,In Progress,Female,6
IT,1,9801,Employee_379,Jordanian,Fujairah,2. Very Good,26386,Associate,Completed,Male,4
Product Development,8,7136,Employee_380,Indian,Umm Al Quwain,1. Good,22740,Manager,Not Started,Female,0
HR,2,9646,Employee_381,Jordanian,Umm Al Quwain,5. Outstanding,49199,Associate,Not Started,Male,8
IT,1,3969,Employee_382,Indian,Abu Dhabi,5. Outstanding,13210,Manager,Completed,Male,6
HR,2,4028,Employee_383,Jordanian,Fujairah,2. Very Good,49363,Vice President,Not Started,Female,1
IT,1,8643,Employee_384,Indian,Abu Dhabi,2. Very Good,17743,Senior Analyst,In Progress,Male,5
IT,1,3681,Employee_385,Indian,Dubai,3. Meets Expectations,47092,Vice President,Completed,Male,1
Research & Development,9,4629,Employee_386,Indian,Sharjah,2. Very Good,49299,Vice President,Completed,Female,0
IT,1,5225,Employee_387,Indian,Ras Al Khaimah,3. Meets Expectations,11588,Associate,Completed,Male,6
Operations,4,4067,Employee_388,Filipino,Umm Al Quwain,5. Outstanding,8311,Senior Analyst,Not Started,Male,1
Sales,6,6941,Employee_389,Emirati,Dubai,4. Exceeds Expectations,27432,Manager,Completed,Male,1
Customer Support,7,2386,Employee_390,Pakistani,Sharjah,1. Good,38755,Manager,Completed,Female,4
HR,2,3866,Employee_391,Egyptian,Dubai,5. Outstanding,8321,Executive,Completed,Female,4
Sales,6,5788,Employee_392,Pakistani,Fujairah,2. Very Good,20812,Analyst,Not Started,Female,6
Customer Support,7,6490,Employee_393,Pakistani,Umm Al Quwain,1. Good,42383,Executive,In Progress,Male,0
HR,2,5124,Employee_394,Jordanian,Ras Al Khaimah,4. Exceeds Expectations,18146,Executive,Completed,Male,7
HR,2,9340,Employee_395,Emirati,Abu Dhabi,4. Exceeds Expectations,18654,Manager,In Progress,Male,2
Customer Support,7,4850,Employee_396,Jordanian,Abu Dhabi,3. Meets Expectations,40820,Associate,Not Started,Male,3
IT,1,6415,Employee_397,Emirati,Sharjah,1. Good,5726,Vice President,Not Started,Female,8
Product Development,8,8679,Employee_398,Emirati,Ras Al Khaimah,3. Meets Expectations,8760,Vice President,Not Started,Male,3
Marketing,3,7819,Employee_399,Indian,Ajman,5. Outstanding,27190,Vice President,Not Started,Male,9
Sales,6,9378,Employee_400,Filipino,Fujairah,1. Good,6875,Senior Analyst,In Progress,Male,4
Research & Development,9,2333,Employee_401,Indian,Sharjah,5. Outstanding,28377,Manager,Completed,Female,6
Sales,6,5150,Employee_402,Filipino,Ajman,3. Meets Expectations,9033,Associate,Not Started,Male,3
Research & Development,9,7766,Employee_403,Jordanian,Dubai,1. Good,43211,Senior Analyst,Not Started,Male,0
Customer Support,7,3711,Employee_404,Filipino,Fujairah,3. Meets Expectations,22373,Analyst,In Progress,Male,8
Research & Development,9,5853,Employee_405,Jordanian,Dubai,1. Good,8744,Associate,In Progress,Male,3
HR,2,7212,Employee_406,Pakistani,Ras Al Khaimah,3. Meets Expectations,29995,Executive,Not Started,Male,8
Product Development,8,8479,Employee_407,Pakistani,Umm Al Quwain,4. Exceeds Expectations,21977,Associate,Completed,Female,5
Product Development,8,6408,Employee_408,Filipino,Fujairah,3. Meets Expectations,37402,Associate,Completed,Male,0
HR,2,8715,Employee_409,Filipino,Ajman,4. Exceeds Expectations,39542,Vice President,Not Started,Male,2
Operations,4,9942,Employee_410,Jordanian,Umm Al Quwain,3. Meets Expectations,15651,Associate,In Progress,Male,1
Customer Support,7,2762,Employee_411,Indian,Abu Dhabi,1. Good,38703,Executive,Not Started,Male,8
Operations,4,8101,Employee_412,Jordanian,Ajman,1. Good,18395,Executive,Not Started,Male,0
Operations,4,8674,Employee_413,Indian,Sharjah,1. Good,34808,Manager,In Progress,Male,8
Sales,6,7122,Employee_414,Pakistani,Abu Dhabi,2. Very Good,41576,Associate,Not Started,Male,8
Sales,6,1481,Employee_415,Emirati,Abu Dhabi,5. Outstanding,21715,Vice President,Not Started,Male,7
Marketing,3,1153,Employee_416,Filipino,Sharjah,1. Good,49409,Associate,Not Started,Male,7
Research & Development,9,8617,Employee_417,Indian,Fujairah,4. Exceeds Expectations,29306,Analyst,In Progress,Male,0
HR,2,2524,Employee_418,Jordanian,Abu Dhabi,1. Good,24086,Analyst,Completed,Female,7
Sales,6,3120,Employee_419,Pakistani,Ras Al Khaimah,2. Very Good,19376,Vice President,Completed,Female,9
Customer Support,7,3343,Employee_420,Indian,Ajman,4. Exceeds Expectations,10889,Manager,In Progress,Female,2
Research & Development,9,6136,Employee_421,Jordanian,Umm Al Quwain,2. Very Good,42822,Manager,Completed,Female,6
Marketing,3,6760,Employee_422,Filipino,Abu Dhabi,4. Exceeds Expectations,41636,Executive,Not Started,Male,0
Marketing,3,2240,Employee_423,Filipino,Ajman,3. Meets Expectations,25584,Executive,Completed,Female,0
Customer Support,7,1060,Employee_424,Egyptian,Dubai,5. Outstanding,39610,Senior Analyst,Not Started,Female,9
Operations,4,2639,Employee_425,Emirati,Ajman,5. Outstanding,15058,Vice President,Completed,Male,4
Product Development,8,7185,Employee_426,Egyptian,Umm Al Quwain,2. Very Good,14101,Associate,In Progress,Female,4
Customer Support,7,8970,Employee_427,Pakistani,Ajman,5. Outstanding,17497,Vice President,Completed,Female,7
Finance,5,2252,Employee_428,Indian,Sharjah,2. Very Good,9658,Senior Analyst,Completed,Male,6
Customer Support,7,5203,Employee_429,Pakistani,Umm Al Quwain,2. Very Good,16381,Executive,Completed,Male,7
Marketing,3,9363,Employee_430,Jordanian,Fujairah,2. Very Good,45312,Vice President,In Progress,Male,5
HR,2,4549,Employee_431,Filipino,Dubai,5. Outstanding,45486,Vice President,Completed,Female,5
Sales,6,5197,Employee_432,Egyptian,Sharjah,2. Very Good,22154,Executive,In Progress,Female,1
HR,2,8009,Employee_433,Egyptian,Fujairah,5. Outstanding,24539,Senior Analyst,Not Started,Male,5
Marketing,3,7667,Employee_434,Egyptian,Ajman,2. Very Good,16777,Executive,Completed,Male,4
Sales,6,3322,Employee_435,Pakistani,Umm Al Quwain,1. Good,39396,Manager,In Progress,Female,2
Finance,5,5090,Employee_436,Filipino,Dubai,2. Very Good,35373,Associate,In Progress,Male,5
Product Development,8,7960,Employee_437,Indian,Sharjah,4. Exceeds Expectations,38154,Executive,Completed,Female,7
Research & Development,9,4004,Employee_438,Jordanian,Fujairah,2. Very Good,11031,Senior Analyst,Not Started,Male,8
Marketing,3,6136,Employee_439,Indian,Fujairah,3. Meets Expectations,32997,Analyst,In Progress,Male,0
Marketing,3,1329,Employee_440,Pakistani,Dubai,2. Very Good,11439,Manager,Completed,Female,2
Marketing,3,4640,Employee_441,Jordanian,Ras Al Khaimah,4. Exceeds Expectations,27785,Analyst,Not Started,Male,2
Sales,6,8982,Employee_442,Egyptian,Ajman,4. Exceeds Expectations,18392,Executive,In Progress,Male,7
IT,1,5107,Employee_443,Emirati,Dubai,5. Outstanding,33669,Manager,In Progress,Male,0
Customer Support,7,2341,Employee_444,Pakistani,Fujairah,1. Good,33939,Associate,Not Started,Female,4
IT,1,9407,Employee_445,Pakistani,Abu Dhabi,2. Very Good,7282,Executive,Not Started,Male,2
Finance,5,1338,Employee_446,Filipino,Sharjah,5. Outstanding,39624,Associate,Completed,Male,1
Product Development,8,6895,Employee_447,Indian,Dubai,1. Good,29364,Vice President,Completed,Male,7
Operations,4,3708,Employee_448,Pakistani,Ras Al Khaimah,2. Very Good,6998,Analyst,In Progress,Male,2
Finance,5,2750,Employee_449,Pakistani,Fujairah,3. Meets Expectations,36705,Manager,Not Started,Male,6
Operations,4,6604,Employee_450,Egyptian,Ajman,2. Very Good,43244,Associate,Not Started,Male,0
Operations,4,3421,Employee_451,Egyptian,Fujairah,4. Exceeds Expectations,14428,Senior Analyst,Not Started,Female,5
Product Development,8,8119,Employee_452,Jordanian,Ajman,4. Exceeds Expectations,42437,Associate,In Progress,Female,2
HR,2,9901,Employee_453,Emirati,Dubai,3. Meets Expectations,17336,Senior Analyst,Not Started,Male,7
IT,1,6319,Employee_454,Filipino,Ajman,5. Outstanding,14342,Executive,Not Started,Female,5
Marketing,3,7609,Employee_455,Emirati,Umm Al Quwain,1. Good,44832,Manager,In Progress,Female,1
Research & Development,9,6387,Employee_456,Jordanian,Umm Al Quwain,2. Very Good,12446,Associate,Completed,Male,5
Operations,4,4993,Employee_457,Egyptian,Umm Al Quwain,4. Exceeds Expectations,43392,Associate,Completed,Female,6
Finance,5,9680,Employee_458,Indian,Ras Al Khaimah,5. Outstanding,12461,Manager,In Progress,Female,4
HR,2,9044,Employee_459,Egyptian,Ras Al Khaimah,3. Meets Expectations,39587,Associate,Not Started,Female,2
Operations,4,9238,Employee_460,Filipino,Abu Dhabi,4. Exceeds Expectations,15516,Senior Analyst,In Progress,Female,3
HR,2,5873,Employee_461,Egyptian,Ras Al Khaimah,3. Meets Expectations,18749,Associate,Completed,Female,3
HR,2,5806,Employee_462,Filipino,Dubai,2. Very Good,22514,Analyst,Completed,Female,5
Operations,4,9592,Employee_463,Filipino,Fujairah,1. Good,40426,Executive,In Progress,Female,9
Sales,6,6913,Employee_464,Filipino,Fujairah,4. Exceeds Expectations,41268,Vice President,In Progress,Female,0
Customer Support,7,8124,Employee_465,Jordanian,Abu Dhabi,4. Exceeds Expectations,29950,Senior Analyst,Completed,Male,3
Marketing,3,4157,Employee_466,Filipino,Ras Al Khaimah,2. Very Good,39888,Analyst,In Progress,Male,9
Marketing,3,1390,Employee_467,Filipino,Ajman,5. Outstanding,41788,Executive,Completed,Female,3
Sales,6,5430,Employee_468,Indian,Abu Dhabi,1. Good,15213,Manager,In Progress,Female,9
Marketing,3,9820,Employee_469,Emirati,Ajman,4. Exceeds Expectations,41027,Senior Analyst,In Progress,Male,0
HR,2,8686,Employee_470,Pakistani,Ajman,1. Good,33011,Vice President,In Progress,Female,8
Product Development,8,5232,Employee_471,Emirati,Sharjah,4. Exceeds Expectations,47849,Executive,Completed,Female,3
Finance,5,9007,Employee_472,Filipino,Fujairah,1. Good,39591,Vice President,In Progress,Male,6
IT,1,2521,Employee_473,Indian,Umm Al Quwain,3. Meets Expectations,22858,Manager,Completed,Male,2
Marketing,3,2500,Employee_474,Egyptian,Ras Al Khaimah,4. Exceeds Expectations,23626,Manager,Completed,Male,9
Product Development,8,7737,Employee_475,Indian,Ajman,1. Good,18467,Senior Analyst,In Progress,Female,2
Operations,4,4294,Employee_476,Filipino,Sharjah,5. Outstanding,44758,Associate,In Progress,Female,7
Customer Support,7,6085,Employee_477,Indian,Fujairah,3. Meets Expectations,8134,Manager,Completed,Male,7
HR,2,3419,Employee_478,Indian,Umm Al Quwain,3. Meets Expectations,21743,Executive,Completed,Male,0
Customer Support,7,4042,Employee_479,Filipino,Ajman,5. Outstanding,20434,Associate,Not Started,Female,9
Finance,5,5497,Employee_480,Jordanian,Ajman,1. Good,15233,Analyst,Completed,Male,1
Finance,5,2466,Employee_481,Indian,Abu Dhabi,2. Very Good,6141,Vice President,Not Started,Female,7
Sales,6,4561,Employee_482,Pakistani,Abu Dhabi,5. Outstanding,23019,Associate,Not Started,Female,0
Research & Development,9,1614,Employee_483,Pakistani,Fujairah,1. Good,25384,Vice President,Not Started,Male,7
Sales,6,6392,Employee_484,Indian,Umm Al Quwain,5. Outstanding,47903,Associate,In Progress,Male,7
Product Development,8,8693,Employee_485,Jordanian,Ajman,5. Outstanding,41129,Analyst,In Progress,Female,1
Customer Support,7,4223,Employee_486,Egyptian,Fujairah,4. Exceeds Expectations,27967,Manager,Completed,Male,3
Research & Development,9,8138,Employee_487,Filipino,Fujairah,1. Good,45603,Analyst,Not Started,Male,5
Operations,4,3667,Employee_488,Pakistani,Dubai,2. Very Good,16172,Manager,In Progress,Male,8
HR,2,8980,Employee_489,Egyptian,Ras Al Khaimah,4. Exceeds Expectations,21390,Manager,In Progress,Male,7
Customer Support,7,1130,Employee_490,Indian,Abu Dhabi,5. Outstanding,8267,Vice President,In Progress,Female,7
Sales,6,3983,Employee_491,Egyptian,Umm Al Quwain,5. Outstanding,44332,Executive,In Progress,Female,6
IT,1,5278,Employee_492,Emirati,Ajman,5. Outstanding,31167,Analyst,In Progress,Female,8
Research & Development,9,8126,Employee_493,Pakistani,Fujairah,1. Good,26312,Associate,Not Started,Female,1
Research & Development,9,9230,Employee_494,Indian,Ajman,1. Good,32840,Analyst,Not Started,Male,2
HR,2,8694,Employee_495,Filipino,Dubai,4. Exceeds Expectations,23990,Vice President,Not Started,Male,9
Marketing,3,7640,Employee_496,Jordanian,Umm Al Quwain,2. Very Good,49179,Manager,Not Started,Female,7
Finance,5,6468,Employee_497,Indian,Fujairah,4. Exceeds Expectations,10906,Vice President,Completed,Female,5
Finance,5,1920,Employee_498,Filipino,Ajman,3. Meets Expectations,45379,Senior Analyst,Not Started,Male,9
IT,1,8564,Employee_499,Jordanian,Abu Dhabi,5. Outstanding,22297,Senior Analyst,In Progress,Female,8
Product Development,8,9684,Employee_500,Jordanian,Ras Al Khaimah,5. Outstanding,7011,Associate,Not Started,Female,9
